
insert into SystemInfo values ('1', 'MANAGERPASSWORD', '0.2', '0.3', '5');

insert into AccountUser values ('aepayne3', 'aepayne3@crimson.ua.edu', 'Password');
insert into AccountUser values ('bdjones13', 'bdjones13@crimson.ua.edu', 'password');
insert into AccountUser values ('pajones', 'pajones@crimson.ua.edu', 'Password2');
insert into AccountUser values ('elmines', 'elmines@crimson.ua.edu', 'Password3');
insert into AccountUser values ('svrbsky', 'svrbsky@crimson.ua.edu', 'BetterPassword');

insert into Manager values ('aepayne3');
insert into Manager values ('bdjones13');
insert into Manager values ('pajones');
insert into Manager values ('elmines');
insert into Manager values ('svrbsky');


insert into AccountUser values ('RTR', 'iluvbama@gmail.com', 'RollTide');
insert into AccountUser values ('dayron', 'darren1031@gmail.com', 'DavidLadd');
insert into AccountUser values ('kitty', 'feline@gmail.com', 'kittycat');
insert into AccountUser values ('shanesharpe', 'ssharpe@gmail.com', 'dean');
insert into AccountUser values ('dcsl', 'dcsl@gmail.com', 'labwork');
insert into AccountUser values ('emily', 'emily@gmail.com', 'scorpion');
insert into AccountUser values ('batson', 'batson@gmail.com', 'batmom');
insert into AccountUser values ('moviegoer', 'moviegoer@gmail.com', 'movie');
insert into AccountUser values ('leo', 'nooscar@gmail.com', 'sad');
insert into AccountUser values ('cold', 'cold@gmail.com', 'cold');
insert into AccountUser values ('dnix', 'dnix@gmail.com', 'RollTide1');
insert into AccountUser values ('meggie', 'meggie@gmail.com', 'RollTide2');
insert into AccountUser values ('username', 'emailaddress@gmail.com', 'RollTide3');
insert into AccountUser values ('linux', 'linux@gmail.com', 'RollTide4');
insert into AccountUser values ('windows', 'windows@gmail.com', 'RollTide5');
insert into AccountUser values ('mac', 'mac@gmail.com', 'RollTide6');
insert into AccountUser values ('name', 'name@gmail.com', 'RollTide7');
insert into AccountUser values ('coop', 'coop@gmail.com', 'RollTide8');
insert into AccountUser values ('tuscaloosa', 'tuscaloosa@gmail.com', 'RollTide9');
insert into AccountUser values ('alabama', 'alabama@gmail.com', 'RollTide10');

insert into Customer values ('RTR');
insert into Customer values ('dayron');
insert into Customer values ('kitty');
insert into Customer values ('shanesharpe');
insert into Customer values ('dcsl');
insert into Customer values ('emily');
insert into Customer values ('batson');
insert into Customer values ('moviegoer');
insert into Customer values ('leo');
insert into Customer values ('cold');
insert into Customer values ('dnix');
insert into Customer values ('meggie');
insert into Customer values ('username');
insert into Customer values ('linux');
insert into Customer values ('windows');
insert into Customer values ('mac');
insert into Customer values ('name');
insert into Customer values ('coop');
insert into Customer values ('tuscaloosa');
insert into Customer values ('alabama');

insert into Theater values ('1', 'Movie Theater', 'AL', 'Tuscaloosa', '1234', 'Main Street', '12345');
insert into Theater values ('2', 'Cobb Theater', 'AL', 'Tuscaloosa', '5678', 'Main Street', '12345');
insert into Theater values ('3', 'Bad Theater', 'AL', 'Tuscaloosa', '1831', 'Main Street', '12345');
insert into Theater values ('4', 'Better Theater', 'AL', 'Tuscaloosa', '78242', 'Main Street', '12345');
insert into Theater values ('5', 'Movie Theater', 'AL', 'Tuscaloosa', '1035', 'Main Street', '12345');
insert into Theater values ('6', 'Movie Theater', 'AL', 'Tuscaloosa', '2213', 'Main Street', '12345');

insert into Movie values ('The Rise and Fall of Ben Jones', 'PG-13', '4-11-98', 'Ben struggles to find his way in the world where algoithms are all we need for computing', '100.00', '500', 'Romantic Comedy', '1');
insert into Movie values ('Iron Man', 'PG', '7-13-08', 'A really rich man has a lot of money and does things with his money', '10.00', '260', 'Action', 1);
insert into Movie values ('Bat Man', 'PG', '3-31-09', 'A different really rich man has a lot of money and does things with his money, this time he is a bat', '10.00', '263', 'Action', 1);
insert into Movie values ('Captain America', 'PG-13', '7-31-10', 'A former soldier is now a super hero', '10.00', '123', 'Action',1);
insert into Movie values ('Lamp', 'R', '9-24-12', 'An edgy drama or maybe telenovela centred around a crime family', '10.00', '50', 'Drama',1);
insert into Movie values ('Anatomy of Heartbreak', 'G', '8-23-12', 'People fall in and out of love. Tis sad', '10.00', '338', 'Romance',1);
insert into Movie values ('Lights Out', 'PG', '7-08-12', 'All of a sudden the entire world loses power.', '10.00', '260', 'Action', 1);
insert into Movie values ('Mr. Meed', 'PG', '3-17-08', 'There is a man who does things. He does not have a lot of money', '10.00', '260', 'Action', 0);
insert into Movie values ('The Sloth', 'PG', '7-10-00', 'A documentary about friendly sloths', '10.00', '260', 'Documentary', 0);
insert into Movie values ('American Disposal', 'PG', '8-13-09', 'A documentary about the garbage disposable', '10.00', '260', 'Documentary', 0);
insert into Movie values ('When the Tide Changes', 'PG', '9-12-07', 'A documentary about the history of children eating tide pods', '1.00', '260', 'Action', 0);
insert into Movie values ('Tea Pot of Dreams', 'PG', '1-10-18', '', '10.00', '260', 'Action', 0);
insert into Movie values ('Rainbow Ribbon', 'PG', '8-28-18', 'An all inclusive documentary following the lives of 5 teens', '10.00', '260', 'Documentary', 0);
insert into Movie values ('Sticky Note Sunday', 'PG-13', '12-13-17', 'Two lovers communicate only via sticky notes', '10.00', '260', 'Romantic Comedy', 0);
insert into Movie values ('Marble Lies', 'R', '8-04-18', 'Crime Lords. Need we say more.', '10.00', '260', 'Crime', 0);

insert into Review values ('1', 'The Rise and Fall of Ben Jones', 'shanesharpe', 'It was well researched', 'Twas a good use of dialouge and camera angles, but Im not sure that I would see it again based on the concerning content', '1');
insert into Review values ('2', 'Iron Man', 'alabama', 'Misleading', 'Misleading title. I though this was going to be about a man made out of iron. something cool and sci fi like.', '2');
insert into Review values ('3', 'Bat Man', 'kitty', 'Meh.', 'Batmans just a rich guy with an infinity for bats. Who is playing out an insane fantasy. How is tht heroic?', '3');
insert into Review values ('4', 'Captain America', 'mac', 'Amazing', 'BEST MOVIE I HAVE EVER SEEN. I NEVER WANT TO SEE ANOTHER MOVIE AFTER THIS!', '5');
insert into Review values ('5', 'Anatomy of Heartbreak', 'username', 'Misleading', 'Honestly, a little diasappointing. I thought it was going to be a cute reomantic movie, but it turned out it was just a surgeon stabbing a heart over and over with an axe', '1');
insert into Review values ('6', 'Lights Out', 'username', 'title', 'Im not sure how I feel about this one. It was just a dark screen for 2 hours. Pretty good for the first half, got a little bored of the darkness about halfway through. Twist ending though. Would reccomend.', '4');
insert into Review values ('7', 'American Disposal', 'username', 'title', 'Never thought of making a childrens movie about a trash bag entering a landfill,, surprisingly touching. I cried when the trash found its parent sand was immediately incinerated', '4');
insert into Review values ('8', 'When the Tide Changes', 'username', 'title', 'While all advertisiing made this mlvie seem like a gritty tale about two seamen surviving the elements after a shipwreck, the movie in actuality was more of a Brokeback mountain remake. Could not look the guys I went to the movie with in the eye for a week after', '2');
insert into Review values ('9', 'Tea Pot of Dreams', 'username', 'What was this?', 'A unique look at college life. While some would not mind the 40 minute reenactment of the bee movie that took up the entire middle section, it was not for me', '1');
insert into Review values ('10', 'Lamp', 'username', 'title', 'A gusty look at the anatomy of the modern family. Jeff Goldbulm delvers the performace of a lifetme as mob boss and patriarc Howard Tent', '5');
insert into Review values ('11', 'Mr. Meed', 'username', 'title', 'Similar to Mrs. Doubtfire, but different. I have to say, he does look pretty smoking in those heels', '4');
insert into Review values ('12', 'The Sloth', 'username', 'title', 'An insult to cinema. THey took what could have bben a five minute short film and dragged it out to be 3 hours and 47 minutes. Not good for watching, but if you need something to fall asleep to, this catastrophe is perfect', '0');
insert into Review values ('13', 'Rainbow Ribbon', 'username', 'title', 'I do not think they know the meaning of all inclusive. This was degrading and humiliating. I would be ashamed to have made this movie.', '0');
insert into Review values ('14', 'Sticky Note Sunday', 'username', 'title', 'This movie was absolutely adorable. I love it. I need a sequel.... like yesterday', '5');
insert into Review values ('15', 'Marble Lies', 'username', 'Boom!', 'The ending was amazing.', '5');
insert into Review values ('16', 'The Sloth', 'mac', 'title', 'Easily the best movie I have ever watched', '5');
insert into Review values ('17', 'Lights Out', 'mac', 'title', 'I fell asleep during the movie, so I am not sure if it was actually any good or not', '3');
insert into Review values ('18', 'Sticky Note Sunday', 'username', 'title', 'Completely Cliche. Horrible. I knew what was going to happen the entire time.', '1');
insert into Review values ('19', 'Sticky Note Sunday', 'shanesharpe', 'title', 'My girlfriend dragged me to this movie and I thought I was going to hate it, but by the end, I was bawling my eyes out', '5');
insert into Review values ('20', 'Sticky Note Sunday', 'kitty', 'title', 'It was great!', '5');

insert into PreferredTheater values ('1', 'username');
insert into PreferredTheater values ('2', 'username');
insert into PreferredTheater values ('3', 'username');
insert into PreferredTheater values ('1', 'mac');
insert into PreferredTheater values ('2', 'mac');
insert into PreferredTheater values ('1', 'windows');
insert into PreferredTheater values ('2', 'windows');
insert into PreferredTheater values ('3', 'RTR');
insert into PreferredTheater values ('1', 'RTR');
insert into PreferredTheater values ('2', 'dayron');
insert into PreferredTheater values ('4', 'dayron');
insert into PreferredTheater values ('3', 'dcsl');
insert into PreferredTheater values ('6', 'dcsl');
insert into PreferredTheater values ('1', 'kitty');
insert into PreferredTheater values ('1', 'shanesharpe');
insert into PreferredTheater values ('1', 'emily');
insert into PreferredTheater values ('1', 'batson');
insert into PreferredTheater values ('1', 'dnix');
insert into PreferredTheater values ('1', 'meggie');

insert into CreditCard values ('1234567891643876', 'username', '138', 'Test McTesterson', '12/20', '1');
insert into CreditCard values ('7842579874356803', 'username', '279', 'Test McTesterson', '01/19', '1');
insert into CreditCard values ('8764018501749856', 'username', '386', 'Test McTesterson', '06/23', '1');
insert into CreditCard values ('8754349865123409', 'dayron', '946', 'Darron Smith', '08/20', '1');
insert into CreditCard values ('9620981257653538', 'dayron', '827', 'Darron Smith', '07/19', '1');
insert into CreditCard values ('1987678923868979', 'shanesharpe', '647', 'Shane Sharpe', '09/26', '1');
insert into CreditCard values ('4739752091579456', 'shanesharpe', '768', 'Shane Sharpe', '04/19', '1');
insert into CreditCard values ('3776975357964297', 'shanesharpe', '176', 'Shane Sharpe', '10/20', '1');
insert into CreditCard values ('2034576598646246', 'windows', '865', 'Bill Gates', '10/26', '1');
insert into CreditCard values ('7428543289742075', 'windows', '875', 'Bill Gates', '09/26', '1');
insert into CreditCard values ('7527852508753409', 'mac', '758', 'Steve Jobs', '10/20', '1');
insert into CreditCard values ('8548369834597654', 'mac', '986', 'Steve Jobs', '11/24', '1');
insert into CreditCard values ('8763423695754532', 'linux', '876', 'Linus Torvalds', '11/24', '0');
insert into CreditCard values ('5940234095320952', 'linux', '379', 'Linus Torvalds', '12/20', '0');
insert into CreditCard values ('7230854029574389', 'linux', '975', 'Linus Torvalds', '11//23', '0');
insert into CreditCard values ('8563156087624398', 'linux', '765', 'Linus Torvalds', '11/26', '0');
insert into CreditCard values ('0892346549981458', 'linux', '087', 'Linus Torvalds', '11/25', '0');
insert into CreditCard values ('2450067421146799', 'linux', '986', 'Linus Torvalds', '11/24', '0');
insert into CreditCard values ('8466937575930257', 'meggie', '986', 'Megan Wass', '11/24', '0');
insert into CreditCard values ('0573628566967728', 'tuscaloosa', '986', 'Bear Bryant', '11/24', '0');
insert into CreditCard values ('0548734968937206', 'kitty', '986', 'Katniss Everdeen', '01/20', '1');
insert into CreditCard values ('1639472937883330', 'alabama', '986', 'Mrs Bryant', '02/19', '0');

insert into Cast values ('1', 'Sticky Note Sunday', 'William Herrendale', 'August Fresh');
insert into Cast values ('2', 'Sticky Note Sunday', 'Simon Lewis', 'Dale Smith');
insert into Cast values ('3', 'Sticky Note Sunday', 'Scott Mccall', 'Character');
insert into Cast values ('4', 'Sticky Note Sunday', 'Susan Queen', 'Sandra Williams');
insert into Cast values ('5', 'Sticky Note Sunday', 'Bryon Jeffery', 'Garry Good');
insert into Cast values ('6', 'Rainbow Ribbon', 'Joy Phillips', 'Ami Munson');
insert into Cast values ('7', 'Rainbow Ribbon', 'Bennett Earls', 'Garland Raines');
insert into Cast values ('8', 'Rainbow Ribbon', 'Serena Edwards', 'Claire George');
insert into Cast values ('9', 'Rainbow Ribbon', 'Marva Nielson', 'Deanna Jennings');
insert into Cast values ('10', 'Rainbow Ribbon', 'Melody Richardson', 'Carina Augustine');
insert into Cast values ('11', 'Lamp', 'Martin Farmer', 'Dallas Ashley');
insert into Cast values ('12', 'Lamp', 'Briana Baldwin', 'Shannon Savage');
insert into Cast values ('13', 'Lamp', 'Karl Chambers', 'Loyd Brasher');
insert into Cast values ('14', 'Lamp', 'Owen Philips', 'Dexter Starr');
insert into Cast values ('15', 'Lamp', 'Kelley Pearce', 'Arabella Durand');
insert into Cast values ('16', 'The Sloth', 'Stewart Allen', 'Glenn Mann');
insert into Cast values ('17', 'The Sloth', 'Anderson Newton', 'Jeffry Jakeman');
insert into Cast values ('18', 'The Sloth', 'Nathan Norman', 'Jasper Garnet');
insert into Cast values ('19', 'The Sloth', 'Adrianna Brownlow', 'Ebony Dean');
insert into Cast values ('20', 'The Sloth', 'Melody Oakley', 'Demetria Robertson');
insert into Cast values ('21', 'Mr. Meed', 'Carlisle Hammond', 'Demetri Roberts');
insert into Cast values ('22', 'Mr. Meed', 'Elenora Carter', 'Carmel Huxtable');
insert into Cast values ('23', 'Mr. Meed', 'Brooks Howard', 'Edwin Jervis');
insert into Cast values ('24', 'Mr. Meed', 'Randall Barr', 'Darrin Tucker');
insert into Cast values ('25', 'Mr. Meed', 'Marlin Neville', 'Kenton Lund');
insert into Cast values ('26', 'Tea Pot of Dreams', 'Laci Westley', 'Dianne Edwardson');
insert into Cast values ('27', 'Tea Pot of Dreams', 'Roderick Spence', 'Zachary Wolfe');
insert into Cast values ('28', 'Tea Pot of Dreams', 'Taryn Wyndham', 'Suzanne Baines');

insert into Showing values ('1', 'The Rise and Fall of Ben Jones', '1', TO_TIMESTAMP('2018-09-08 19:00', 'YYYY-MM-DD HH24:MI'));
insert into Showing values ('2', 'The Rise and Fall of Ben Jones', '2', TO_TIMESTAMP('2018-10-08 20:00', 'YYYY-MM-DD HH24:MI'));
insert into Showing values ('3', 'The Rise and Fall of Ben Jones', '3', TO_TIMESTAMP('2018-12-09 21:00', 'YYYY-MM-DD HH24:MI'));
insert into Showing values ('4', 'The Rise and Fall of Ben Jones', '4', TO_TIMESTAMP('2018-11-08 22:00', 'YYYY-MM-DD HH24:MI'));
insert into Showing values ('5', 'The Rise and Fall of Ben Jones', '5', TO_TIMESTAMP('2018-12-10 23:00', 'YYYY-MM-DD HH24:MI'));
insert into Showing values ('6', 'Iron Man', '2', TO_TIMESTAMP('2018-08-08 12:08', 'YYYY-MM-DD HH24:MI'));
insert into Showing values ('7', 'Iron Man', '3', TO_TIMESTAMP('2018-12-08 13:15', 'YYYY-MM-DD HH24:MI'));
insert into Showing values ('8', 'Iron Man', '4', TO_TIMESTAMP('2018-04-08 13:15', 'YYYY-MM-DD HH24:MI'));
insert into Showing values ('9', 'Iron Man', '5', TO_TIMESTAMP('2018-11-08 11:15', 'YYYY-MM-DD HH24:MI'));
insert into Showing values ('10', 'Bat Man', '3', TO_TIMESTAMP('2018-10-22 12:00', 'YYYY-MM-DD HH24:MI'));
insert into Showing values ('11', 'Bat Man', '4', TO_TIMESTAMP('2018-10-12 13:00', 'YYYY-MM-DD HH24:MI'));
insert into Showing values ('12', 'Bat Man', '5', TO_TIMESTAMP('2018-11-02 14:00', 'YYYY-MM-DD HH24:MI'));
insert into Showing values ('13', 'Bat Man', '6', TO_TIMESTAMP('2018-12-22 12:30', 'YYYY-MM-DD HH24:MI'));
insert into Showing values ('14', 'Captain America', '2', TO_TIMESTAMP('2018-11-21 12:00', 'YYYY-MM-DD HH24:MI'));
insert into Showing values ('15', 'Captain America', '4', TO_TIMESTAMP('2018-12-11 12:00', 'YYYY-MM-DD HH24:MI'));
insert into Showing values ('16', 'Captain America', '1', TO_TIMESTAMP('2018-11-21 12:00', 'YYYY-MM-DD HH24:MI'));
insert into Showing values ('17', 'Captain America', '6', TO_TIMESTAMP('2018-11-21 12:00', 'YYYY-MM-DD HH24:MI'));
insert into Showing values ('18', 'Anatomy of Heartbreak', '1', TO_TIMESTAMP('2018-12-08 12:00', 'YYYY-MM-DD HH24:MI'));
insert into Showing values ('19', 'Anatomy of Heartbreak', '3', TO_TIMESTAMP('2018-12-08 12:00', 'YYYY-MM-DD HH24:MI'));
insert into Showing values ('20', 'Anatomy of Heartbreak', '5', TO_TIMESTAMP('2018-12-08 12:00', 'YYYY-MM-DD HH24:MI'));
insert into Showing values ('21', 'Anatomy of Heartbreak', '6', TO_TIMESTAMP('2018-12-08 12:00', 'YYYY-MM-DD HH24:MI'));
insert into Showing values ('22', 'Lights Out', '2', TO_TIMESTAMP('2018-12-08 12:00', 'YYYY-MM-DD HH24:MI'));
insert into Showing values ('23', 'Lights Out', '3', TO_TIMESTAMP('2018-12-10 12:00', 'YYYY-MM-DD HH24:MI'));
insert into Showing values ('24', 'Lights Out', '4', TO_TIMESTAMP('2018-12-12 12:00', 'YYYY-MM-DD HH24:MI'));
insert into Showing values ('25', 'Lights Out', '5', TO_TIMESTAMP('2018-12-14 12:00', 'YYYY-MM-DD HH24:MI'));
insert into Showing values ('26', 'The Rise and Fall of Ben Jones', '5', TO_TIMESTAMP('2018-11-08 12:00', 'YYYY-MM-DD HH24:MI'));
insert into Showing values ('27', 'Sticky Note Sunday', '5', TO_TIMESTAMP('2018-11-08 12:00', 'YYYY-MM-DD HH24:MI'));
insert into Showing values ('28', 'The Sloth', '5', TO_TIMESTAMP('2018-09-08 12:00', 'YYYY-MM-DD HH24:MI'));
insert into Showing values ('29', 'Lights Out', '5', TO_TIMESTAMP('2018-10-08 12:00', 'YYYY-MM-DD HH24:MI'));
insert into Showing values ('30', 'Anatomy of Heartbreak', '5', TO_TIMESTAMP('2018-11-08 12:00', 'YYYY-MM-DD HH24:MI'));
insert into Showing values ('31', 'American Disposal', '5', TO_TIMESTAMP('2018-12-08 12:00', 'YYYY-MM-DD HH24:MI'));
insert into Showing values ('32', 'When the Tide Changes', '5', TO_TIMESTAMP('2018-11-08 12:00', 'YYYY-MM-DD HH24:MI'));
insert into Showing values ('33', 'Tea Pot of Dreams', '5', TO_TIMESTAMP('2018-11-08 12:00', 'YYYY-MM-DD HH24:MI'));
insert into Showing values ('34', 'Lamp', '5', TO_TIMESTAMP('2018-11-08 12:00', 'YYYY-MM-DD HH24:MI'));
insert into Showing values ('35', 'Mr. Meed', '5', TO_TIMESTAMP('2018-11-08 12:00', 'YYYY-MM-DD HH24:MI'));

insert into TicketOrder values ('1', '1', 'username', '1234567891643876', '1090.00', '10', '0', '3', 'Purchased');
insert into TicketOrder values ('2', '1', 'dayron', '9620981257653538', '2010.00', '3', '10', '13', 'Cancelled');
insert into TicketOrder values ('3', '1', 'meggie', '8466937575930257', '470.00', '0', '3', '5', 'Purchased');
insert into TicketOrder values ('4', '1', 'linux', '2450067421146799', '200.00', '2', '0', '0', 'Cancelled');
insert into TicketOrder values ('5', '1', 'tuscaloosa', '0573628566967728', '100.00', '1', '0', '0', 'Purchased');
insert into TicketOrder values ('6', '2', 'username', '1234567891643876', '200.00', '2', '0', '0', 'Purchased');
insert into TicketOrder values ('7', '2', 'dayron', '9620981257653538', '200.00', '2', '0', '0', 'Cancelled');
insert into TicketOrder values ('8', '2', 'meggie', '8466937575930257', '200.00', '2', '0', '0', 'Purchased');
insert into TicketOrder values ('9', '2', 'linux', '2450067421146799', '200.00', '2', '0', '0', 'Purchased');
insert into TicketOrder values ('10', '2', 'tuscaloosa', '0573628566967728', '100.00', '1', '0', '0', 'Purchased');
insert into TicketOrder values ('11', '3', 'username', '1234567891643876', '100.00', '1', '0', '0', 'Cancelled');
insert into TicketOrder values ('12', '3', 'dayron', '9620981257653538', '200.00', '2', '0', '0', 'Purchased');
insert into TicketOrder values ('13', '3', 'meggie', '8466937575930257', '320.00', '0', '4', '0', 'Purchased');
insert into TicketOrder values ('14', '3', 'linux', '2450067421146799', '100.00', '1', '0', '0', 'Cancelled');
insert into TicketOrder values ('15', '3', 'tuscaloosa', '0573628566967728', '100.00', '1', '0', '0', 'Purchased');
insert into TicketOrder values ('16', '4', 'username', '1234567891643876', '100.00', '1', '0', '0', 'Purchased');
insert into TicketOrder values ('17', '4', 'dayron', '9620981257653538', '100.00', '1', '0', '0', 'Cancelled');
insert into TicketOrder values ('18', '4', 'meggie', '8466937575930257', '100.00', '1', '0', '0', 'Purchased');
insert into TicketOrder values ('19', '4', 'linux', '2450067421146799', '100.00', '1', '0', '0', 'Purchased');
insert into TicketOrder values ('20', '4', 'tuscaloosa', '0573628566967728', '100.00', '0', '1', '0', 'Purchased');
insert into TicketOrder values ('21', '5', 'username', '1234567891643876', '100.00', '1', '0', '0', 'Purchased');
insert into TicketOrder values ('22', '5', 'dayron', '9620981257653538', '100.00', '1', '0', '0', 'Cancelled');
insert into TicketOrder values ('23', '5', 'meggie', '8466937575930257', '100.00', '1', '0', '0', 'Purchased');
insert into TicketOrder values ('24', '5', 'linux', '2450067421146799', '100.00', '1', '0', '0', 'Purchased');
insert into TicketOrder values ('25', '5', 'tuscaloosa', '0573628566967728', '100.00', '1', '0', '0', 'Purchased');
insert into TicketOrder values ('26', '6', 'username', '1234567891643876', '10.00', '1', '0', '0', 'Purchased');
insert into TicketOrder values ('27', '6', 'dayron', '9620981257653538', '10.00', '1', '0', '0', 'Purchased');
insert into TicketOrder values ('28', '6', 'meggie', '8466937575930257', '10.00', '1', '0', '0', 'Purchased');
insert into TicketOrder values ('29', '6', 'linux', '2450067421146799', '10.00', '1', '0', '0', 'Purchased');
insert into TicketOrder values ('30', '6', 'tuscaloosa', '0573628566967728', '10.00', '1', '0', '0', 'Purchased');
insert into TicketOrder values ('31', '7', 'username', '1234567891643876', '10.00', '1', '0', '0', 'Purchased');
insert into TicketOrder values ('32', '7', 'dayron', '9620981257653538', '10.00', '1', '0', '0', 'Cancelled');
insert into TicketOrder values ('33', '7', 'meggie', '8466937575930257', '10.00', '1', '0', '0', 'Purchased');
insert into TicketOrder values ('34', '7', 'linux', '2450067421146799', '10.00', '1', '0', '0', 'Purchased');
insert into TicketOrder values ('35', '7', 'tuscaloosa', '0573628566967728', '10.00', '1', '0', '0', 'Purchased');
insert into TicketOrder values ('36', '8', 'username', '1234567891643876', '10.00', '1', '0', '0', 'Cancelled');
insert into TicketOrder values ('37', '8', 'dayron', '9620981257653538', '10.00', '1', '0', '0', 'Cancelled');
insert into TicketOrder values ('38', '8', 'meggie', '8466937575930257', '10.00', '1', '0', '0', 'Purchased');
insert into TicketOrder values ('39', '8', 'linux', '2450067421146799', '10.00', '1', '0', '0', 'Purchased');
insert into TicketOrder values ('40', '8', 'tuscaloosa', '0573628566967728', '100.00', '10', '0', '0', 'Cancelled');
insert into TicketOrder values ('41', '9', 'username', '1234567891643876', '10.00', '1', '0', '0', 'Purchased');
insert into TicketOrder values ('41', '28', 'username', '1234567891643876', '10.00', '1', '0', '0', 'Purchased');
insert into TicketOrder values ('42', '29', 'username', '1234567891643876', '10.00', '1', '0', '0', 'Purchased');
insert into TicketOrder values ('43', '30', 'username', '1234567891643876', '10.00', '1', '0', '0', 'Purchased');
insert into TicketOrder values ('44', '31', 'username', '1234567891643876', '10.00', '1', '0', '0', 'Purchased');
insert into TicketOrder values ('45', '32', 'username', '1234567891643876', '1.00', '1', '0', '0', 'Purchased');
insert into TicketOrder values ('46', '33', 'username', '1234567891643876', '10.00', '1', '0', '0', 'Purchased');
insert into TicketOrder values ('47', '34', 'username', '1234567891643876', '10.00', '1', '0', '0', 'Purchased');
insert into TicketOrder values ('48', '35', 'username', '1234567891643876', '10.00', '1', '0', '0', 'Purchased');
insert into TicketOrder values ('49', '26', 'shanesharpe', '1987678923868979', '100.00', '1', '0', '0', 'Purchased');
insert into TicketOrder values ('50', '27', 'shanesharpe', '1987678923868979', '10.00', '1', '0', '0', 'Purchased');
insert into TicketOrder values ('51', '6', 'alabama', '1639472937883330', '10.00', '1', '0', '0', 'Purchased');
insert into TicketOrder values ('52', '27', 'kitty', '0548734968937206', '10.00', '1', '0', '0', 'Purchased');
insert into TicketOrder values ('53', '10', 'kitty', '0548734968937206', '10.00', '1', '0', '0', 'Purchased');
insert into TicketOrder values ('54', '14', 'mac', '8548369834597654', '10.00', '1', '0', '0', 'Purchased');
insert into TicketOrder values ('55', '28', 'mac', '8548369834597654', '10.00', '1', '0', '0', 'Purchased');
insert into TicketOrder values ('56', '29', 'mac', '8548369834597654', '10.00', '1', '0', '0', 'Purchased');
insert into TicketOrder values ('57', '26', 'windows', '7428543289742075', '100.00', '1', '0', '0', 'Purchased');
insert into TicketOrder values ('58', '27', 'windows', '7428543289742075', '10.00', '1', '0', '0', 'Purchased');
insert into TicketOrder values ('59', '6', 'windows', '7428543289742075', '10.00', '1', '0', '0', 'Purchased');
insert into TicketOrder values ('60', '27', 'windows', '7428543289742075', '10.00', '1', '0', '0', 'Purchased');
insert into TicketOrder values ('61', '10', 'windows', '7428543289742075', '10.00', '1', '0', '0', 'Purchased');
insert into TicketOrder values ('61', '14', 'windows', '7428543289742075', '10.00', '1', '0', '0', 'Purchased');
insert into TicketOrder values ('62', '28', 'windows', '7428543289742075', '10.00', '1', '0', '0', 'Purchased');
insert into TicketOrder values ('63', '29', 'windows', '7428543289742075', '10.00', '1', '0', '0', 'Purchased');