insert into AccountUser values ('aepayne3', 'aepayne3@crimson.ua.edu', 'Password');
insert into AccountUser values ('bdjones13', 'bdjones13@crimson.ua.edu', 'Password1');
insert into AccountUser values ('pajones', 'pajones@crimson.ua.edu', 'Password2');
insert into AccountUser values ('elmines', 'elmines@crimson.ua.edu', 'Password3');
insert into AccountUser values ('svrbsky', 'svrbsky@crimson.ua.edu', 'BetterPassword');

insert into Manager values ('aepayne3');
insert into Manager values ('bdjones13');
insert into Manager values ('pajones');
insert into Manager values ('elmines');
insert into Manager values ('svrbsky');


insert into AccountUser values ('RTR', 'iluvbama@gmail.com', 'RollTide');
insert into AccountUser values ('dayron', 'darren1031@gmail.com', 'DavidLadd');
insert into AccountUser values ('kitty', 'feline@gmail.com', 'kittycat');
insert into AccountUser values ('shanesharpe', 'ssharpe@gmail.com', 'dean');
insert into AccountUser values ('dcsl', 'dcsl@gmail.com', 'labwork');
insert into AccountUser values ('emily', 'emily@gmail.com', 'scorpion');
insert into AccountUser values ('batson', 'batson@gmail.com', 'batmom');
insert into AccountUser values ('moviegoer', 'moviegoer@gmail.com', 'movie');
insert into AccountUser values ('leo', 'nooscar@gmail.com', 'sad');
insert into AccountUser values ('cold', 'cold@gmail.com', 'cold');
insert into AccountUser values ('dnix', 'dnix@gmail.com', 'RollTide1');
insert into AccountUser values ('meggie', 'meggie@gmail.com', 'RollTide2');
insert into AccountUser values ('username', 'emailaddress@gmail.com', 'RollTide3');
insert into AccountUser values ('linux', 'linux@gmail.com', 'RollTide4');
insert into AccountUser values ('windows', 'windows@gmail.com', 'RollTide5');
insert into AccountUser values ('mac', 'mac@gmail.com', 'RollTide6');
insert into AccountUser values ('name', 'name@gmail.com', 'RollTide7');
insert into AccountUser values ('coop', 'coop@gmail.com', 'RollTide8');
insert into AccountUser values ('tuscaloosa', 'tuscaloosa@gmail.com', 'RollTide9');
insert into AccountUser values ('alabama', 'alabama@gmail.com', 'RollTide10');

insert into Customer values ('RTR');
insert into Customer values ('dayron');
insert into Customer values ('kitty');
insert into Customer values ('shanesharpe');
insert into Customer values ('dcsl');
insert into Customer values ('emily');
insert into Customer values ('batson');
insert into Customer values ('moviegoer');
insert into Customer values ('leo');
insert into Customer values ('cold');
insert into Customer values ('dnix');
insert into Customer values ('meggie');
insert into Customer values ('username');
insert into Customer values ('linux');
insert into Customer values ('windows');
insert into Customer values ('mac');
insert into Customer values ('name');
insert into Customer values ('coop');
insert into Customer values ('tuscaloosa');
insert into Customer values ('alabama');

insert into Theater values ('1', 'Movie Theater', 'AL', 'Tuscaloosa', '1234', 'Main Street', '12345');
insert into Theater values ('2', 'Cobb Theater', 'AL', 'Tuscaloosa', '5678', 'Main Street', '12345');
insert into Theater values ('3', 'Bad Theater', 'AL', 'Tuscaloosa', '1831', 'Main Street', '12345');
insert into Theater values ('4', 'Better Theater', 'AL', 'Tuscaloosa', '78242', 'Main Street', '12345');
insert into Theater values ('5', 'Movie Theater', 'AL', 'Tuscaloosa', '1035', 'Main Street', '12345');
insert into Theater values ('6', 'Movie Theater', 'AL', 'Tuscaloosa', '2213', 'Main Street', '12345');

insert into Movie values ('The Rise and Fall of Ben Jones', 'PG-13', '4-11-98', 'Ben struggles to find his way in the world where algorithms are all we need for computing', '100.00', '500', 'Romantic Comedy', '1');
insert into Movie values ('Iron Man', 'PG', '7-13-08', 'A really rich man has a lot of money and does things with his money', '10.00', '260', 'Action', 1);
insert into Movie values ('Bat Man', 'PG', '3-31-09', 'A different really rich man has a lot of money and does things with his money, this time he is a bat', '10.00', '263', 'Action', 1);
insert into Movie values ('Captain America', 'PG-13', '7-31-10', 'A former soldier is now a super hero', '10.00', '123', 'Action',1);
insert into Movie values ('Lamp', 'R', '9-24-12', 'An edgy drama or maybe telenovela centred around a crime family', '10.00', '50', 'Drama',1);
insert into Movie values ('Anatomy of Heartbreak', 'G', '8-23-12', 'People fall in and out of love. Tis sad', '10.00', '338', 'Romance',1);
insert into Movie values ('Lights Out', 'PG', '7-08-12', 'All of a sudden the entire world loses power.', '10.00', '260', 'Action', 1);
insert into Movie values ('Mr. Meed', 'PG', '3-17-08', 'There is a man who does things. He does not have a lot of money', '10.00', '260', 'Action', 0);
insert into Movie values ('The Sloth', 'PG', '7-10-00', 'A documentary about friendly sloths', '10.00', '260', 'Documentary', 0);
insert into Movie values ('American Disposal', 'PG', '8-13-09', 'A documentary about the garbage disposable', '10.00', '260', 'Documentary', 0);
insert into Movie values ('When the Tide Changes', 'PG', '9-12-07', 'A documentary about the history of children eating tide pods', '1.00', '260', 'Action', 0);
insert into Movie values ('Tea Pot of Dreams', 'PG', '1-10-18', '', '10.00', '260', 'Action', 0);
insert into Movie values ('Rainbow Ribbon', 'PG', '8-28-18', 'An all inclusive documentary following the lives of 5 teens', '10.00', '260', 'Documentary', 0);
insert into Movie values ('Sticky Note Sunday', 'PG-13', '12-13-17', 'Two lovers communicate only via sticky notes', '10.00', '260', 'Romantic Comedy', 0);
insert into Movie values ('Marble Lies', 'R', '8-04-18', 'Crime Lords. Need we say more.', '10.00', '260', 'Crime', 0);

insert into Review values ('1', 'The Rise and Fall of Ben Jones', 'shanesharpe', 'It was well researched', 'Twas a good use of dialouge and camera angles, but I''m not sure that I would see it again based on the concerning content', '1');
insert into Review values ('2', 'Iron Man', 'alabama', 'Misleading', 'Misleading title. I though this was going to be about a man made out of iron. something cool and sci fi like.', '2');
insert into Review values ('3', 'Bat Man', 'kitty', 'Meh.', 'Batman''s just a rich guy with an infinity for bats. Who is playing out an insane fantasy. How is tht heroic?', '3');
insert into Review values ('4', 'Captain America', 'mac', 'Amazing', 'BEST MOVIE I HAVE EVER SEEN. I NEVER WANT TO SEE ANOTHER MOVIE AFTER THIS!', '5');
insert into Review values ('5', 'Anatomy of Heartbreak', 'username', 'Misleading', 'Honestly, a little diasappointing. I thought it was going to be a cute reomantic movie, but it turned out it was just a surgeon stabbing a heart over and over with an axe', 1);
insert into Review values ('6', 'Lights Out', 'username', 'title', 'Im not sure how I feel about this one. It was just a dark screen for 2 hours. Pretty good for the first half, got a little bored of the darkness about halfway through. Twist ending though. Would reccomend.', 4);
insert into Review values ('7', 'American Disposal', 'username', 'title', 'Never thought of making a childrens movie about a trash bag entering a landfill,, surprisingly touching. I cried when the trash found its parent sand was immediately incinerated', 4);
insert into Review values ('8', 'When the Tide Changes', 'username', 'title', 'While all advertisiing made this mlvie seem like a gritty tale about two seamen surviving the elements after a shipwreck, the movie in actuality was more of a Brokeback mountain remake. Could not look the guys I went to the movie with in the eye for a week after', 2);
insert into Review values ('9', 'Tea Pot of Dreams', 'username', 'What was this?', 'A unique look at college life. While some would not mind the 40 minute reenactment of the bee movie that took up the entire middle section, it was not for me', 1);
insert into Review values ('10', 'Tea Pot of Dreams', 'username', 'title', 'body', 1);
insert into Review values ('11', 'Tea Pot of Dreams', 'username', 'title', 'body', 2);
insert into Review values ('12', 'Tea Pot of Dreams', 'username', 'title', 'body', 3);
insert into Review values ('13', 'Tea Pot of Dreams', 'username', 'title', 'body', 4);
insert into Review values ('14', 'Tea Pot of Dreams', 'username', 'title', 'body', 5);
insert into Review values ('15', 'Tea Pot of Dreams', 'username', 'title', 'body', 1);
 

